Time,Consumption,Production,EPEX,Actual usage,Base volume,Peak volume,Hedge Volume,Uncovered,Long,Short,Usage Cost,Delta Cost,Hedge Cost,Total Cost
0:00,180,-,0.1796500,180,250,-,250,(70),70,-,32.3370,-12.5755,0.0000,-12.5755
0:15,181,-,0.1634200,181,250,-,250,(69),69,-,29.5790,-11.2760,0.0000,-11.2760
0:30,183,-,0.1562300,183,250,-,250,(67),67,-,28.5901,-10.4674,0.0000,-10.4674
0:45,184,-,0.1473000,184,250,-,250,(66),66,-,27.1032,-9.7218,0.0000,-9.7218
1:00,185,-,0.1604500,185,250,-,250,(65),65,-,29.6833,-10.4293,0.0000,-10.4293
1:15,186,-,0.1520000,186,250,-,250,(64),64,-,28.2720,-9.7280,0.0000,-9.7280
1:30,188,-,0.1443800,188,250,-,250,(62),62,-,27.1434,-8.9516,0.0000,-8.9516
1:45,189,-,0.1411300,189,250,-,250,(61),61,-,26.6736,-8.6089,0.0000,-8.6089
2:00,190,-,0.1436600,190,250,-,250,(60),60,-,27.2954,-8.6196,0.0000,-8.6196
2:15,191,-,0.1445900,191,250,-,250,(59),59,-,27.6167,-8.5308,0.0000,-8.5308
2:30,192,-,0.1456900,192,250,-,250,(58),58,-,27.9725,-8.4500,0.0000,-8.4500
2:45,193,-,0.1421900,193,250,-,250,(57),57,-,27.4427,-8.1048,0.0000,-8.1048
3:00,194,-,0.1474300,194,250,-,250,(56),56,-,28.6014,-8.2561,0.0000,-8.2561
3:15,195,-,0.1480800,195,250,-,250,(55),55,-,28.8756,-8.1444,0.0000,-8.1444
3:30,196,-,0.1455300,196,250,-,250,(54),54,-,28.5239,-7.8586,0.0000,-7.8586
3:45,197,-,0.1407600,197,250,-,250,(53),53,-,27.7297,-7.4603,0.0000,-7.4603
4:00,197,-,0.1462600,197,250,-,250,(53),53,-,28.8132,-7.7518,0.0000,-7.7518
4:15,198,-,0.1493700,198,250,-,250,(52),52,-,29.5753,-7.7672,0.0000,-7.7672
4:30,198,-,0.1493400,198,250,-,250,(52),52,-,29.5693,-7.7657,0.0000,-7.7657
4:45,199,-,0.1519100,199,250,-,250,(51),51,-,30.2301,-7.7474,0.0000,-7.7474
5:00,199,-,0.1504200,199,250,-,250,(51),51,-,29.9336,-7.6714,0.0000,-7.6714
5:15,200,-,0.1525500,200,250,-,250,(50),50,-,30.5100,-7.6275,0.0000,-7.6275
5:30,200,-,0.1576500,200,250,-,250,(50),50,-,31.5300,-7.8825,0.0000,-7.8825
5:45,200,-,0.1618200,200,250,-,250,(50),50,-,32.3640,-8.0910,0.0000,-8.0910
6:00,180,-,0.1835700,180,250,-,250,(70),70,-,33.0426,-12.8499,0.0000,-12.8499
6:15,211,12,0.1890000,199,250,-,250,(51),51,-,37.6110,-9.6390,0.0000,-9.6390
6:30,242,25,0.1895900,217,250,-,250,(33),33,-,41.1410,-6.2565,0.0000,-6.2565
6:45,272,38,0.1895900,234,250,-,250,(16),16,-,44.3641,-3.0334,0.0000,-3.0334
7:00,303,50,0.2014300,253,250,-,250,3,-,3,50.9618,0.6043,0.0000,0.6043
7:15,334,62,0.2005200,272,250,-,250,22,-,22,54.5414,4.4114,0.0000,4.4114
7:30,365,75,0.1928400,290,250,-,250,40,-,40,55.9236,7.7136,0.0000,7.7136
7:45,396,88,0.1959100,308,250,-,250,58,-,58,60.3403,11.3628,0.0000,11.3628
8:00,427,100,0.1953200,327,250,-,250,77,-,77,63.8696,15.0396,0.0000,15.0396
8:15,458,116,0.1897400,342,250,250,500,(158),158,-,64.8911,-29.9789,0.0000,-29.9789
8:30,488,132,0.1664800,356,250,250,500,(144),144,-,59.2669,-23.9731,0.0000,-23.9731
8:45,519,148,0.1451800,371,250,250,500,(129),129,-,53.8618,-18.7282,0.0000,-18.7282
9:00,550,164,0.1768100,386,250,250,500,(114),114,-,68.2487,-20.1563,0.0000,-20.1563
9:15,538,180,0.1516200,358,250,250,500,(142),142,-,54.2800,-21.5300,0.0000,-21.5300
9:30,525,196,0.1305700,329,250,250,500,(171),171,-,42.9575,-22.3275,0.0000,-22.3275
9:45,512,212,0.1195100,300,250,250,500,(200),200,-,35.8530,-23.9020,0.0000,-23.9020
10:00,500,228,0.1393900,272,250,250,500,(228),228,-,37.9141,-31.7809,0.0000,-31.7809
10:15,488,244,0.1230000,244,250,250,500,(256),256,-,30.0120,-31.4880,0.0000,-31.4880
10:30,475,260,0.1206400,215,250,250,500,(285),285,-,25.9376,-34.3824,0.0000,-34.3824
10:45,462,276,0.1110100,186,250,250,500,(314),314,-,20.6479,-34.8571,0.0000,-34.8571
11:00,450,292,0.1258800,158,250,250,500,(342),342,-,19.8890,-43.0510,0.0000,-43.0510
11:15,438,308,0.1160500,130,250,250,500,(370),370,-,15.0865,-42.9385,0.0000,-42.9385
11:30,425,324,0.1136400,101,250,250,500,(399),399,-,11.4776,-45.3424,0.0000,-45.3424
11:45,412,340,0.1097700,72,250,250,500,(428),428,-,7.9034,-46.9816,0.0000,-46.9816
12:00,360,476,0.1175200,(116),250,250,500,(616),616,-,-13.6323,-72.3923,0.0000,-72.3923
12:15,366,492,0.1110200,(126),250,250,500,(626),626,-,-13.9885,-69.4985,0.0000,-69.4985
12:30,372,508,0.1148500,(136),250,250,500,(636),636,-,-15.6196,-73.0446,0.0000,-73.0446
12:45,378,524,0.1064300,(146),250,250,500,(646),646,-,-15.5388,-68.7538,0.0000,-68.7538
13:00,384,540,0.1139400,(156),250,250,500,(656),656,-,-17.7746,-74.7446,0.0000,-74.7446
13:15,388,537,0.1027700,(149),250,250,500,(649),649,-,-15.3127,-66.6977,0.0000,-66.6977
13:30,392,533,0.0972600,(141),250,250,500,(641),641,-,-13.7137,-62.3437,0.0000,-62.3437
13:45,396,530,0.0950500,(134),250,250,500,(634),634,-,-12.7367,-60.2617,0.0000,-60.2617
14:00,398,527,0.0984300,(129),250,250,500,(629),629,-,-12.6975,-61.9125,0.0000,-61.9125
14:15,400,523,0.0965800,(123),250,250,500,(623),623,-,-11.8793,-60.1693,0.0000,-60.1693
14:30,400,520,0.0958300,(120),250,250,500,(620),620,-,-11.4996,-59.4146,0.0000,-59.4146
14:45,420,397,0.0944400,23,250,250,500,(477),477,-,2.1721,-45.0479,0.0000,-45.0479
15:00,418,393,0.0915400,25,250,250,500,(475),475,-,2.2885,-43.4815,0.0000,-43.4815
15:15,416,390,0.0907900,26,250,250,500,(474),474,-,2.3605,-43.0345,0.0000,-43.0345
15:30,412,387,0.0911600,25,250,250,500,(475),475,-,2.2790,-43.3010,0.0000,-43.3010
15:45,408,383,0.0938000,25,250,250,500,(475),475,-,2.3450,-44.5550,0.0000,-44.5550
16:00,404,380,0.0854400,24,250,250,500,(476),476,-,2.0506,-40.6694,0.0000,-40.6694
16:15,398,358,0.0856700,40,250,250,500,(460),460,-,3.4268,-39.4082,0.0000,-39.4082
16:30,392,335,0.0951200,57,250,250,500,(443),443,-,5.4218,-42.1382,0.0000,-42.1382
16:45,386,312,0.1042500,74,250,250,500,(426),426,-,7.7145,-44.4105,0.0000,-44.4105
17:00,400,290,0.0928900,110,250,250,500,(390),390,-,10.2179,-36.2271,0.0000,-36.2271
17:15,423,268,0.1050600,155,250,250,500,(345),345,-,16.2843,-36.2457,0.0000,-36.2457
17:30,447,245,0.1063800,202,250,250,500,(298),298,-,21.4888,-31.7012,0.0000,-31.7012
17:45,470,222,0.1115700,248,250,250,500,(252),252,-,27.6694,-28.1156,0.0000,-28.1156
18:00,493,200,0.1049300,293,250,250,500,(207),207,-,30.7445,-21.7205,0.0000,-21.7205
18:15,517,175,0.1086200,342,250,250,500,(158),158,-,37.1480,-17.1620,0.0000,-17.1620
18:30,540,150,0.1315200,390,250,250,500,(110),110,-,51.2928,-14.4672,0.0000,-14.4672
18:45,563,125,0.1399300,438,250,250,500,(62),62,-,61.2893,-8.6757,0.0000,-8.6757
19:00,587,100,0.1234100,487,250,250,500,(13),13,-,60.1007,-1.6043,0.0000,-1.6043
19:15,610,75,0.1514900,535,250,250,500,35,-,35,81.0472,5.3022,0.0000,5.3022
19:30,633,50,0.1836200,583,250,250,500,83,-,83,107.0505,15.2405,0.0000,15.2405
19:45,657,25,0.2096800,632,250,250,500,132,-,132,132.5178,27.6778,0.0000,27.6778
20:00,680,-,0.1795900,680,250,250,500,180,-,180,122.1212,32.3262,0.0000,32.3262
20:15,632,-,0.2112200,632,250,-,250,382,-,382,133.4910,80.6860,0.0000,80.6860
20:30,585,-,0.2397100,585,250,-,250,335,-,335,140.2304,80.3029,0.0000,80.3029
20:45,538,-,0.2804000,538,250,-,250,288,-,288,150.8552,80.7552,0.0000,80.7552
21:00,490,-,0.2478000,490,250,-,250,240,-,240,121.4220,59.4720,0.0000,59.4720
21:15,442,-,0.2536000,442,250,-,250,192,-,192,112.0912,48.6912,0.0000,48.6912
21:30,395,-,0.2528900,395,250,-,250,145,-,145,99.8916,36.6691,0.0000,36.6691
21:45,348,-,0.2220300,348,250,-,250,98,-,98,77.2664,21.7589,0.0000,21.7589
22:00,300,-,0.2387900,300,250,-,250,50,-,50,71.6370,11.9395,0.0000,11.9395
22:15,285,-,0.2041400,285,250,-,250,35,-,35,58.1799,7.1449,0.0000,7.1449
22:30,270,-,0.1824000,270,250,-,250,20,-,20,49.2480,3.6480,0.0000,3.6480
22:45,255,-,0.1701900,255,250,-,250,5,-,5,43.3985,0.8510,0.0000,0.8510
23:00,240,-,0.1832300,240,250,-,250,(10),10,-,43.9752,-1.8323,0.0000,-1.8323
23:15,225,-,0.1683700,225,250,-,250,(25),25,-,37.8833,-4.2093,0.0000,-4.2093
23:30,210,-,0.1457100,210,250,-,250,(40),40,-,30.5991,-5.8284,0.0000,-5.8284
23:45,195,-,0.1323200,195,250,-,250,(55),55,-,25.8024,-7.2776,0.0000,-7.2776